alert_id,patient_id,clinic_id,alert_type,severity,created_ts,ack_ts,acknowledged_by_provider_id
L0000001,U00162,C004,fall_risk_spike,5,2026-01-04T13:01:00,2026-01-04T13:31:00,P015
L0000002,U00162,C004,fall_risk_spike,4,2025-12-19T08:12:00,2025-12-19T22:56:37.532209505,P011
L0000003,U00302,C002,fall_risk_spike,3,2025-12-30T08:39:00,,
L0000004,U00302,C002,fall_risk_spike,3,2026-01-05T13:22:00,2026-01-06T03:13:35.808518841,P017
L0000005,U00162,C004,fall_risk_spike,5,2025-12-26T10:44:00,2025-12-27T00:14:30.613855113,P011
L0000006,U00162,C004,fall_risk_spike,5,2025-12-20T17:58:00,,
L0000007,U00302,C002,fall_risk_spike,4,2025-12-23T16:49:00,2025-12-24T15:14:56.319535226,P017
L0000008,U00162,C004,fall_risk_spike,3,2025-12-28T09:09:00,2025-12-30T01:06:43.915009783,P020
L0000009,U00255,C002,fall_risk_spike,5,2025-12-05T08:41:00,2025-12-06T08:10:03.357674978,P017
L0000010,U00162,C004,fall_risk_spike,5,2025-12-27T13:55:00,,
L0000011,U00255,C002,fall_risk_spike,3,2025-11-25T13:06:00,2025-11-26T11:46:08.736802035,P003
L0000012,U00055,C003,no_data_3_days,2,2026-01-08T09:00:00,2026-01-09T02:46:16.437982085,P016
L0000013,U00256,C001,no_data_3_days,2,2026-01-08T09:00:00,2026-01-08T16:44:30.594789121,P004
L0000014,U00068,C004,no_data_3_days,2,2026-01-08T09:00:00,2026-01-08T15:12:29.832890794,P020
L0000015,U00152,C001,no_data_3_days,2,2026-01-08T09:00:00,2026-01-08T15:16:20.491287875,P004
L0000016,U00004,C003,no_data_3_days,2,2026-01-08T09:00:00,,
L0000017,U00141,C005,no_data_3_days,2,2026-01-08T09:00:00,,
L0000018,U00105,C001,no_data_3_days,2,2026-01-08T09:00:00,2026-01-09T07:21:29.630817736,P012
L0000019,U00224,C003,no_data_3_days,2,2026-01-08T09:00:00,,
L0000020,U00170,C005,no_data_3_days,2,2026-01-08T09:00:00,,
L0000021,U00075,C006,no_data_3_days,2,2026-01-08T09:00:00,2026-01-08T10:00:00,P006
L0000022,U00103,C003,no_data_3_days,2,2026-01-08T09:00:00,2026-01-08T10:30:38.624645868,P014
L0000023,U00059,C006,no_data_3_days,2,2026-01-08T09:00:00,,
L0000024,U00296,C006,no_data_3_days,2,2026-01-08T09:00:00,2026-01-08T20:40:18.819318308,P018
L0000025,U00274,C006,no_data_3_days,2,2026-01-08T09:00:00,2026-01-09T08:08:23.494954111,P018
L0000026,U00032,C005,no_data_3_days,2,2026-01-08T09:00:00,,
L0000027,U00034,C001,no_data_3_days,2,2026-01-08T09:00:00,2026-01-08T14:03:33.442015451,P012
L0000028,U00279,C006,no_data_3_days,2,2026-01-08T09:00:00,,
L0000029,U00259,C006,no_data_3_days,2,2026-01-08T09:00:00,2026-01-09T04:33:08.129279097,P006
L0000030,U00010,C003,no_data_3_days,2,2026-01-08T09:00:00,,
L0000031,U00206,C001,no_data_3_days,2,2026-01-08T09:00:00,2026-01-09T04:46:21.510960990,P004
L0000032,U00093,C004,no_data_3_days,2,2026-01-08T09:00:00,,
L0000033,U00167,C001,no_data_3_days,2,2026-01-08T09:00:00,2026-01-09T03:37:01.907014666,P012
L0000034,U00069,C005,no_data_3_days,2,2026-01-08T09:00:00,2026-01-08T17:18:40.404270008,P010
L0000035,U00023,C005,no_data_3_days,2,2026-01-08T09:00:00,,
L0000036,U00228,C002,no_data_3_days,2,2026-01-08T09:00:00,,
L0000037,U00083,C005,no_data_3_days,2,2026-01-08T09:00:00,,
L0000038,U00050,C004,no_data_3_days,2,2026-01-08T09:00:00,2026-01-08T14:50:29.108400726,P011
L0000039,U00037,C005,no_data_3_days,2,2026-01-08T09:00:00,,
L0000040,U00001,C006,no_data_3_days,2,2026-01-08T09:00:00,,
L0000041,U00066,C004,no_data_3_days,2,2026-01-08T09:00:00,,
L0000042,U00007,C003,no_data_3_days,2,2026-01-08T09:00:00,2026-01-08T19:15:50.216666719,P016
L0000043,U00084,C001,no_data_3_days,2,2026-01-08T09:00:00,2026-01-09T06:16:23.421361984,P004
L0000044,U00186,C003,no_data_3_days,2,2026-01-08T09:00:00,2026-01-09T10:37:20.529790969,P016
L0000045,U00151,C001,no_data_3_days,2,2026-01-08T09:00:00,2026-01-08T14:59:01.199124324,P001
L0000046,U00213,C001,no_data_3_days,2,2026-01-08T09:00:00,,
L0000047,U00053,C002,no_data_3_days,2,2026-01-08T09:00:00,2026-01-08T18:05:00.082356743,P003
L0000048,U00166,C006,no_data_3_days,2,2026-01-08T09:00:00,2026-01-08T22:09:02.491550735,P018
L0000049,U00264,C004,no_data_3_days,2,2026-01-08T09:00:00,2026-01-08T21:45:06.696564020,P005
L0000050,U00310,C001,no_data_3_days,2,2026-01-08T09:00:00,2026-01-08T12:01:15.003231446,P001
L0000051,U00249,C002,no_data_3_days,2,2026-01-08T09:00:00,2026-01-09T16:56:53.263929087,P003
L0000052,U00265,C004,no_data_3_days,2,2026-01-08T09:00:00,2026-01-08T10:00:00,P005
L0000053,U00123,C002,no_data_3_days,2,2026-01-08T09:00:00,,
L0000054,U00246,C005,no_data_3_days,2,2026-01-08T09:00:00,,
L0000055,U00150,C002,no_data_3_days,2,2026-01-08T09:00:00,2026-01-08T21:44:53.571040829,P017
L0000056,U00223,C004,no_data_3_days,2,2026-01-08T09:00:00,2026-01-08T18:32:10.787618017,P020
L0000057,U00003,C001,no_data_3_days,2,2026-01-08T09:00:00,2026-01-08T19:49:45.153261963,P001
L0000058,U00042,C004,no_data_3_days,2,2026-01-08T09:00:00,,
L0000059,U00281,C006,no_data_3_days,2,2026-01-08T09:00:00,2026-01-08T10:00:00,P013
L0000060,U00248,C002,no_data_3_days,2,2026-01-08T09:00:00,2026-01-08T16:22:47.860025594,P003
L0000061,U00227,C006,no_data_3_days,2,2026-01-08T09:00:00,,
L0000062,U00013,C004,no_data_3_days,2,2026-01-08T09:00:00,,
L0000063,U00282,C006,no_data_3_days,2,2026-01-08T09:00:00,2026-01-08T10:00:00,P006
L0000064,U00021,C001,no_data_3_days,2,2026-01-08T09:00:00,2026-01-08T10:00:00,P004
L0000065,U00289,C006,no_data_3_days,2,2026-01-08T09:00:00,2026-01-08T10:00:00,P006
L0000066,U00320,C001,no_data_3_days,2,2026-01-08T09:00:00,2026-01-08T12:05:51.081270637,P004
L0000067,U00022,C002,no_data_3_days,2,2026-01-08T09:00:00,2026-01-09T00:41:09.570695049,P003
L0000068,U00026,C005,no_data_3_days,2,2026-01-08T09:00:00,,
L0000069,U00243,C002,no_data_3_days,2,2026-01-08T09:00:00,2026-01-08T21:27:51.957248847,P017
L0000070,U00317,C006,no_data_3_days,2,2026-01-08T09:00:00,2026-01-08T23:49:16.154977828,P013
L0000071,U00062,C005,no_data_3_days,2,2026-01-08T09:00:00,,
L0000072,U00183,C005,no_data_3_days,2,2026-01-08T09:00:00,2026-01-08T11:25:09.194573414,P010
L0000073,U00308,C003,no_data_3_days,2,2026-01-08T09:00:00,,
L0000074,U00077,C002,no_data_3_days,2,2026-01-08T09:00:00,2026-01-08T16:15:55.853390644,P003
L0000075,U00047,C004,no_data_3_days,2,2026-01-08T09:00:00,,
L0000076,U00171,C004,no_data_3_days,2,2026-01-08T09:00:00,2026-01-09T03:30:20.534872487,P005
L0000077,U00157,C005,no_data_3_days,2,2026-01-08T09:00:00,,
L0000078,U00309,C006,no_data_3_days,2,2026-01-08T09:00:00,2026-01-08T18:45:03.433159159,P018
L0000079,U00038,C001,no_data_3_days,2,2026-01-08T09:00:00,2026-01-08T10:00:00,P004
L0000080,U00204,C004,no_data_3_days,2,2026-01-08T09:00:00,,
L0000081,U00319,C001,no_data_3_days,2,2026-01-08T09:00:00,,
L0000082,U00220,C006,no_data_3_days,2,2026-01-08T09:00:00,2026-01-08T19:41:02.719197739,P018
L0000083,U00017,C001,no_data_3_days,2,2026-01-08T09:00:00,2026-01-09T17:35:28.969029486,P012
L0000084,U00239,C004,no_data_3_days,2,2026-01-08T09:00:00,,
L0000085,U00262,C001,no_data_3_days,2,2026-01-08T09:00:00,,
L0000086,U00299,C001,no_data_3_days,2,2026-01-08T09:00:00,2026-01-08T13:52:52.278751874,P012
L0000087,U00271,C006,no_data_3_days,2,2026-01-08T09:00:00,2026-01-08T18:09:55.647202786,P018
L0000088,U00260,C002,no_data_3_days,2,2026-01-08T09:00:00,2026-01-09T11:01:37.291080628,P003
L0000089,U00128,C003,no_data_3_days,2,2026-01-08T09:00:00,2026-01-08T10:00:00,P016
L0000090,U00218,C003,no_data_3_days,2,2026-01-08T09:00:00,,
L0000091,U00140,C002,no_data_3_days,2,2026-01-08T09:00:00,2026-01-09T05:06:57.073516060,P017
L0000092,U00187,C002,no_data_3_days,2,2026-01-08T09:00:00,2026-01-09T02:36:42.381066247,P003
L0000093,U00268,C005,no_data_3_days,2,2026-01-08T09:00:00,2026-01-09T04:47:35.381409894,P008
L0000094,U00202,C003,no_data_3_days,2,2026-01-08T09:00:00,2026-01-08T22:58:54.005310715,P016
L0000095,U00111,C005,no_data_3_days,2,2026-01-08T09:00:00,2026-01-09T03:10:04.859323699,P010
L0000096,U00197,C002,no_data_3_days,2,2026-01-08T09:00:00,2026-01-08T15:03:15.537255295,P017
L0000097,U00200,C004,no_data_3_days,2,2026-01-08T09:00:00,2026-01-08T10:00:00,P015
L0000098,U00261,C002,no_data_3_days,2,2026-01-08T09:00:00,2026-01-09T11:39:55.169366113,P017
L0000099,U00162,C004,no_data_3_days,2,2026-01-08T09:00:00,,
L0000100,U00079,C006,no_data_3_days,2,2026-01-08T09:00:00,,
L0000101,U00088,C002,no_data_3_days,2,2026-01-08T09:00:00,2026-01-08T19:04:29.776327651,P003
L0000102,U00130,C001,no_data_3_days,2,2026-01-08T09:00:00,,
L0000103,U00099,C003,no_data_3_days,2,2026-01-08T09:00:00,2026-01-08T18:11:10.944073872,P014
L0000104,U00008,C001,no_data_3_days,2,2026-01-08T09:00:00,2026-01-09T01:20:44.113653691,P001
L0000105,U00194,C004,no_data_3_days,2,2026-01-08T09:00:00,,
L0000106,U00089,C003,no_data_3_days,2,2026-01-08T09:00:00,,
L0000107,U00087,C006,no_data_3_days,2,2026-01-08T09:00:00,2026-01-08T15:20:37.311984257,P013
L0000108,U00048,C003,no_data_3_days,2,2026-01-08T09:00:00,,
L0000109,U00257,C004,no_data_3_days,2,2026-01-08T09:00:00,,
L0000110,U00076,C002,no_data_3_days,2,2026-01-08T09:00:00,2026-01-08T17:57:50.984521082,P017
L0000111,U00178,C004,no_data_3_days,2,2026-01-08T09:00:00,2026-01-08T22:26:35.595504473,P020
L0000112,U00115,C006,no_data_3_days,2,2026-01-08T09:00:00,2026-01-08T16:21:24.855802533,P018
L0000113,U00244,C001,no_data_3_days,2,2026-01-08T09:00:00,,
L0000114,U00302,C002,no_data_3_days,2,2026-01-08T09:00:00,,
L0000115,U00263,C001,no_data_3_days,2,2026-01-08T09:00:00,2026-01-09T05:09:04.687212181,P012
L0000116,U00126,C004,no_data_3_days,2,2026-01-08T09:00:00,,
L0000117,U00081,C001,no_data_3_days,2,2026-01-08T09:00:00,,
L0000118,U00016,C003,no_data_3_days,2,2026-01-08T09:00:00,2026-01-08T15:15:08.142127540,P014
L0000119,U00287,C002,no_data_3_days,2,2026-01-08T09:00:00,2026-01-09T02:08:24.203838005,P017
L0000120,U00216,C003,no_data_3_days,2,2026-01-08T09:00:00,,
L0000121,U00238,C006,no_data_3_days,2,2026-01-08T09:00:00,2026-01-09T09:25:28.078130922,P018
L0000122,U00102,C002,no_data_3_days,2,2026-01-08T09:00:00,2026-01-08T10:00:00,P017
L0000123,U00052,C001,no_data_3_days,2,2026-01-08T09:00:00,2026-01-08T10:00:00,P001
L0000124,U00205,C002,no_data_3_days,2,2026-01-08T09:00:00,2026-01-09T00:33:06.771265705,P003
L0000125,U00307,C003,no_data_3_days,2,2026-01-08T09:00:00,,
L0000126,U00036,C002,no_data_3_days,2,2026-01-08T09:00:00,2026-01-08T19:00:30.069706259,P017
L0000127,U00091,C001,no_data_3_days,2,2026-01-08T09:00:00,2026-01-09T11:38:50.252867179,P012
